{
	"partitions" : [
		{
			"name" : "Top",
			"pins" : [
				{
					"name" : "output[0]",
					"strict" : false
				},
				{
					"name" : "output[1]",
					"strict" : false
				},
				{
					"name" : "output[2]",
					"strict" : false
				},
				{
					"name" : "output[3]",
					"strict" : false
				},
				{
					"name" : "output[4]",
					"strict" : false
				},
				{
					"name" : "output[5]",
					"strict" : false
				},
				{
					"name" : "output[6]",
					"strict" : false
				},
				{
					"name" : "output[7]",
					"strict" : false
				},
				{
					"name" : "addr[1]",
					"strict" : false
				},
				{
					"name" : "addr[0]",
					"strict" : false
				},
				{
					"name" : "rd",
					"strict" : false
				},
				{
					"name" : "value[0]",
					"strict" : false
				},
				{
					"name" : "clk",
					"strict" : false
				},
				{
					"name" : "wr",
					"strict" : false
				},
				{
					"name" : "value[1]",
					"strict" : false
				},
				{
					"name" : "value[2]",
					"strict" : false
				},
				{
					"name" : "value[3]",
					"strict" : false
				},
				{
					"name" : "value[4]",
					"strict" : false
				},
				{
					"name" : "value[5]",
					"strict" : false
				},
				{
					"name" : "value[6]",
					"strict" : false
				},
				{
					"name" : "value[7]",
					"strict" : false
				}
			]
		}
	]
}