{
	"system" : {
		"platform" : "windows64",
		"os_name" : "Windows 10",
		"os_version" : "10.0"
	},
	"error" : {
		"executable" : "quartus",
		"comment" : "not_applicable",
		"error_message" : "load inst register_file_1: cannot find -hierPinBusAttr addr[1..0]32",
		"source_file" : "/quartus/gcl/nlwq/nlwq_view.cpp",
		"line" : "161",
		"stack_trace" : "\t0x7ff93704efad: GCL_NLWQ + 0x26efad (?execute_command@NLWQ_VIEW@@QEAAPEBDPEBD00000_N@Z + 0x6d)\n\t0x7ff9413119bb: nlv_nuiq + 0x219bb (?add_selected_node@NUIQ_VIEW@@IEAAXVQStringList@@@Z + 0x10b)\n\t0x7ff9413123bc: nlv_nuiq + 0x223bc (?append_selected_node@NUIQ_VIEW@@QEAAXXZ + 0x26c)\n\t0x7ff9413261df: nlv_nuiq + 0x361df (?dropEvent@NUIQ_VIEW@@MEAAXPEAVQDropEvent@@@Z + 0x1f)\n\t 0x724222c2: QtGui4 + 0x622c2 (?event@QWidget@@MEAA_NPEAVQEvent@@@Z + 0x5d2)\n\t 0x723e2f95: QtGui4 + 0x22f95 (?notify_helper@QApplicationPrivate@@QEAA_NPEAVQObject@@PEAVQEvent@@@Z + 0xf5)\n\t 0x723e23fd: QtGui4 + 0x223fd (?notify@QApplication@@UEAA_NPEAVQObject@@PEAVQEvent@@@Z + 0xf8d)\n\t 0x72e6e67b: QtCore4 + 0x10e67b (?notifyInternal@QCoreApplication@@AEAA_NPEAVQObject@@PEAVQEvent@@@Z + 0x7b)\n\t 0x7244d833: QtGui4 + 0x8d833 (?screenNumber@QDesktopWidget@@QEBAHPEBVQWidget@@@Z + 0xc63)\n\t0x7ff9b32abfc7: ole32 + 0xcbfc7 (RevokeActiveObjectExt + 0x9e17)\n\t0x7ff9b2e8a8d2: RPCRT4 + 0x7a8d2 (NdrSendReceive + 0x5a2)\n\t0x7ff9b2eebeea: RPCRT4 + 0xdbeea (NdrMesSimpleTypeEncodeAll + 0x4fba)\n\t0x7ff9b2e219a8: RPCRT4 + 0x119a8 (NdrStubCall3 + 0xc8)\n\t0x7ff9b171c3ef: combase + 0xbc3ef (CStdStubBuffer_Invoke + 0x5f)\n\t0x7ff9b16f6182: combase + 0x96182 (CoWaitForMultipleHandles + 0x2492)\n\t0x7ff9b16f5f0d: combase + 0x95f0d (CoWaitForMultipleHandles + 0x221d)\n\t0x7ff9b171f905: combase + 0xbf905 (HSTRING_UserSize + 0x115)\n\t0x7ff9b16b2b52: combase + 0x52b52 (DllGetClassObject + 0x682)\n\t0x7ff9b16f439c: combase + 0x9439c (CoWaitForMultipleHandles + 0x6ac)\n\t0x7ff9b169b485: combase + 0x3b485 (StringFromGUID2 + 0xf895)\n\t0x7ff9b16d6c49: combase + 0x76c49 (Ordinal87 + 0x1b89)\n\t0x7ff9b1b4ef5b: USER32 + 0xef5b (CallWindowProcW + 0x60b)\n\t0x7ff9b1b4e683: USER32 + 0xe683 (DispatchMessageW + 0x4a3)\n\t 0x72e93982: QtCore4 + 0x133982 (?processEvents@QEventDispatcherWin32@@UEAA_NV?$QFlags@W4ProcessEventsFlag@QEventLoop@@@@@Z + 0x3e2)\n\t 0x72442074: QtGui4 + 0x82074 (?openPopup@QApplicationPrivate@@QEAAXPEAVQWidget@@@Z + 0x204)\n\t 0x72e6b5db: QtCore4 + 0x10b5db (?exec@QEventLoop@@QEAAHV?$QFlags@W4ProcessEventsFlag@QEventLoop@@@@@Z + 0x22b)\n\t 0x72e6dbbf: QtCore4 + 0x10dbbf (?exec@QCoreApplication@@SAHXZ + 0xdf)\n\t0x7ff67c88198b: quartus + 0x198b (?qgq_main@@YAHHPEAPEBD@Z + 0x8b)\n\t0x7ff994eb3258: CCL_MSG + 0x13258 (?msg_main_thread@@YAPEAXPEAX@Z + 0x18)\n\t0x7ff994eb4a5e: CCL_MSG + 0x14a5e (?msg_thread_wrapper@@YAPEAXP6APEAXPEAX@Z0@Z + 0x6e)\n\t0x7ff994fc6af0: ccl_mem + 0x16af0 (?mem_thread_wrapper@@YAPEAXP6APEAXPEAX@Z0@Z + 0x70)\n\t0x7ff994eb2af1: CCL_MSG + 0x12af1 (?msg_exe_main@@YAHHPEAPEBDP6AHH0@Z@Z + 0xa1)\n\t0x7ff67c882777: quartus + 0x2777 (WinMain + 0x127)\n\t0x7ff67c881f40: quartus + 0x1f40 (__tmainCRTStartup + 0x148)\n\t0x7ff9b1f57373: KERNEL32 + 0x17373 (BaseThreadInitThunk + 0x13)\n\t0x7ff9b34bcc90: ntdll + 0x4cc90 (RtlUserThreadStart + 0x20)\n",
		"subsystem" : "NLWQ"
	},
	"quartus" : {
		"quartus_bits" : "64",
		"version" : "20.1.1",
		"build" : "720",
		"edition" : "Lite Edition"
	}
}