{
	"partitions" : [
		{
			"name" : "Top",
			"pins" : [
				{
					"name" : "output_data[0]",
					"strict" : false
				},
				{
					"name" : "output_data[1]",
					"strict" : false
				},
				{
					"name" : "output_data[2]",
					"strict" : false
				},
				{
					"name" : "output_data[3]",
					"strict" : false
				},
				{
					"name" : "output_data[4]",
					"strict" : false
				},
				{
					"name" : "output_data[5]",
					"strict" : false
				},
				{
					"name" : "output_data[6]",
					"strict" : false
				},
				{
					"name" : "output_data[8]",
					"strict" : false
				},
				{
					"name" : "output_data[9]",
					"strict" : false
				},
				{
					"name" : "output_data[10]",
					"strict" : false
				},
				{
					"name" : "output_data[11]",
					"strict" : false
				},
				{
					"name" : "output_data[12]",
					"strict" : false
				},
				{
					"name" : "output_data[13]",
					"strict" : false
				},
				{
					"name" : "output_data[14]",
					"strict" : false
				},
				{
					"name" : "valid_out",
					"strict" : false
				},
				{
					"name" : "ready",
					"strict" : false
				},
				{
					"name" : "training_complete",
					"strict" : false
				},
				{
					"name" : "clk",
					"strict" : false
				},
				{
					"name" : "rst",
					"strict" : false
				},
				{
					"name" : "start",
					"strict" : false
				},
				{
					"name" : "train_mode",
					"strict" : false
				},
				{
					"name" : "input_data[13]",
					"strict" : false
				},
				{
					"name" : "input_data[5]",
					"strict" : false
				},
				{
					"name" : "input_data[21]",
					"strict" : false
				},
				{
					"name" : "input_data[7]",
					"strict" : false
				},
				{
					"name" : "input_data[14]",
					"strict" : false
				},
				{
					"name" : "input_data[6]",
					"strict" : false
				},
				{
					"name" : "input_data[22]",
					"strict" : false
				},
				{
					"name" : "input_data[15]",
					"strict" : false
				},
				{
					"name" : "input_data[23]",
					"strict" : false
				},
				{
					"name" : "input_data[12]",
					"strict" : false
				},
				{
					"name" : "input_data[4]",
					"strict" : false
				},
				{
					"name" : "input_data[20]",
					"strict" : false
				},
				{
					"name" : "input_data[11]",
					"strict" : false
				},
				{
					"name" : "input_data[3]",
					"strict" : false
				},
				{
					"name" : "input_data[19]",
					"strict" : false
				},
				{
					"name" : "input_data[10]",
					"strict" : false
				},
				{
					"name" : "input_data[2]",
					"strict" : false
				},
				{
					"name" : "input_data[18]",
					"strict" : false
				},
				{
					"name" : "input_data[9]",
					"strict" : false
				},
				{
					"name" : "input_data[1]",
					"strict" : false
				},
				{
					"name" : "input_data[17]",
					"strict" : false
				},
				{
					"name" : "input_data[8]",
					"strict" : false
				},
				{
					"name" : "input_data[0]",
					"strict" : false
				},
				{
					"name" : "input_data[16]",
					"strict" : false
				},
				{
					"name" : "learning_rate[0]",
					"strict" : false
				},
				{
					"name" : "learning_rate[1]",
					"strict" : false
				},
				{
					"name" : "learning_rate[2]",
					"strict" : false
				},
				{
					"name" : "learning_rate[3]",
					"strict" : false
				},
				{
					"name" : "learning_rate[4]",
					"strict" : false
				},
				{
					"name" : "learning_rate[5]",
					"strict" : false
				},
				{
					"name" : "learning_rate[6]",
					"strict" : false
				},
				{
					"name" : "learning_rate[7]",
					"strict" : false
				},
				{
					"name" : "target_data[0]",
					"strict" : false
				},
				{
					"name" : "target_data[1]",
					"strict" : false
				},
				{
					"name" : "target_data[2]",
					"strict" : false
				},
				{
					"name" : "target_data[3]",
					"strict" : false
				},
				{
					"name" : "target_data[4]",
					"strict" : false
				},
				{
					"name" : "target_data[5]",
					"strict" : false
				},
				{
					"name" : "target_data[6]",
					"strict" : false
				},
				{
					"name" : "target_data[7]",
					"strict" : false
				},
				{
					"name" : "target_data[8]",
					"strict" : false
				},
				{
					"name" : "target_data[9]",
					"strict" : false
				},
				{
					"name" : "target_data[10]",
					"strict" : false
				},
				{
					"name" : "target_data[11]",
					"strict" : false
				},
				{
					"name" : "target_data[12]",
					"strict" : false
				},
				{
					"name" : "target_data[13]",
					"strict" : false
				},
				{
					"name" : "target_data[14]",
					"strict" : false
				},
				{
					"name" : "target_data[15]",
					"strict" : false
				}
			]
		}
	]
}